
 <item>
 <title>Guerra dos Sexos </title>
 <link>magnet:?xt=urn:btih:DC62469383F2E7710AB599592607FA25B37032C5&dn=A%20Guerra%20dos%20Sexos%202018%20%28720p%29%20WWW.BLUDV.COM&tr=udp%3a%2f%2ftracker.openbittorrent.com%3a80%2fannounce&tr=udp%3a%2f%2ftracker.opentrackr.org%3a1337%2fannounce&tr=udp%3a%2f%2f9.rarbg.to%3a2740%2fannounce&tr=udp%3a%2f%2fexplodie.org%3a6969%2fannounce&tr=http%3a%2f%2fglotorrents.pw%3a80%2fannounce&tr=udp%3a%2f%2fp4p.arenabg.com%3a1337%2fannounce&tr=udp%3a%2f%2ftorrent.gresille.org%3a80%2fannounce&tr=udp%3a%2f%2ftracker.aletorrenty.pl%3a2710%2fannounce&tr=udp%3a%2f%2ftracker.coppersurfer.tk%3a6969%2fannounce&tr=udp%3a%2f%2ftracker.piratepublic.com%3a1337%2fannounce</link>
 <thumbnail>https://sky.spotlight.agilesvcs.com/v1/proxy?image=http://sky-123-storage.s3.amazonaws.com:80/IMAGES/00/00/06/62371_C26F7B7C197BBB78.jpg?AWSAccessKeyId=AKIAIIK5T7YRRS4JO2DQ&Expires=1519945997&Signature=6dXDTiP6xIEnkkBWDCPPU9grgsM%3d</thumbnail>
 </fanart></fanart>
 </item>

 <item>
 <title>A morte te da Parabens </title>
 <link>magnet:?xt=urn:btih:3CDD050B44AE8CAA9CD01D43E6D0444A99D142C6&dn=A%20Morte%20te%20d%C3%A1%20Parab%C3%A9ns%21%202018%20%28720p%29%20WWW.BLUDV.COM&tr=udp%3a%2f%2ftracker.openbittorrent.com%3a80%2fannounce&tr=udp%3a%2f%2ftracker.opentrackr.org%3a1337%2fannounce&tr=udp%3a%2f%2f9.rarbg.to%3a2710%2fannounce&tr=udp%3a%2f%2fexplodie.org%3a6969%2fannounce&tr=http%3a%2f%2fglotorrents.pw%3a80%2fannounce&tr=udp%3a%2f%2fp4p.arenabg.com%3a1337%2fannounce&tr=udp%3a%2f%2ftorrent.gresille.org%3a80%2fannounce&tr=udp%3a%2f%2ftracker.aletorrenty.pl%3a2710%2fannounce&tr=udp%3a%2f%2ftracker.coppersurfer.tk%3a6969%2fannounce&tr=udp%3a%2f%2ftracker.piratepublic.com%3a1337%2fannounce</link>
 <thumbnail>https://sky.spotlight.agilesvcs.com/v1/proxy?image=http://sky-123-storage.s3.amazonaws.com:80/IMAGES/00/00/06/62370_2A8139713F71B8E3.jpg?AWSAccessKeyId=AKIAIIK5T7YRRS4JO2DQ&Expires=1519945997&Signature=DqORWYastpbbdFz37Blgug7iVps%3d</thumbnail>
 </fanart></fanart>
 </item>

 <item>
 <title>Pica Pau O Filme</title>
 <link>magnet:?xt=urn:btih:7DF94C2A0268B7BDC6C53E8D54244F9BEB7B313F&dn=Pica-Pau%20-%20O%20Filme%202018%20%5bWEB-DL%5d%20%28720p%29%20WWW.BLUDV.COM&tr=udp%3a%2f%2ftracker.openbittorrent.com%3a80%2fannounce&tr=udp%3a%2f%2ftracker.opentrackr.org%3a1337%2fannounce&tr=udp%3a%2f%2f9.rarbg.to%3a2710%2fannounce&tr=udp%3a%2f%2fexplodie.org%3a6969%2fannounce&tr=http%3a%2f%2fglotorrents.pw%3a80%2fannounce&tr=udp%3a%2f%2fp4p.arenabg.com%3a1337%2fannounce&tr=udp%3a%2f%2ftorrent.gresille.org%3a80%2fannounce&tr=udp%3a%2f%2ftracker.aletorrenty.pl%3a2710%2fannounce&tr=udp%3a%2f%2ftracker.coppersurfer.tk%3a6969%2fannounce&tr=udp%3a%2f%2ftracker.piratepublic.com%3a1337%2fannounce</link>
 <thumbnail>https://sky.spotlight.agilesvcs.com/v1/proxy?image=http://sky-123-storage.s3.amazonaws.com:80/IMAGES/00/00/06/62469_2BAB2F12EA5727B0.jpg?AWSAccessKeyId=AKIAIIK5T7YRRS4JO2DQ&Expires=1520804258&Signature=%2byrNk2omYu3w%2fydpe3bEps5cQCg%3d</thumbnail>
 </fanart></fanart>
 </item>

 <item>
 <title>Tempestade – Planeta em Furia</title>
 <link>magnet:?xt=urn:btih:C42909FD9B79FA2088C682FEF5BCD3F3D6281B5F&dn=Tempestade%20%e2%80%93%20Planeta%20em%20F%c3%baria%202018%20%5bBluRay%5d%20%5b720p%5d%20%5bDUAL%5d%20COMANDOTORRENTS.COM&tr=udp%3a%2f%2ftracker.openbittorrent.com%3a80%2fannounce&tr=udp%3a%2f%2ftracker.opentrackr.org%3a1337%2fannounce&tr=udp%3a%2f%2ftracker.coppersurfer.tk%3a6969%2fannounce&tr=http%3a%2f%2fglotorrents.pw%3a80%2fannounce&tr=udp%3a%2f%2ftracker4.piratux.com%3a6969%2fannounce&tr=udp%3a%2f%2fcoppersurfer.tk%3a6969%2fannounce&tr=http%3a%2f%2ft2.pow7.com%2fannounce&tr=http%3a%2f%2ftracker.yify-torrents.com%2fanno...&tr=http%3a%2f%2fwww.h33t.com%3a3310%2fannounce&tr=http%3a%2f%2fexodus.desync.com%2fannounce&tr=http%3a%2f%2ftracker.coppersurfer.tk%3a6969%2fa...&tr=http%3a%2f%2fbt.careland.com.cn%3a6969%2fannounce&tr=http%3a%2f%2fexodus.desync.com%3a6969%2fannounce&tr=udp%3a%2f%2ftracker.publicbt.com%3a80%2fannounce&tr=udp%3a%2f%2ftracker.istole.it%3a80%2fannounce&tr=http%3a%2f%2ftracker.blazing.de%2fannounce&tr=udp%3a%2f%2ftracker.openbittorrent.com%3a80%2fannounce&tr=udp%3a%2f%2ftracker.yify-torrents.com%3a80%2fannounce&tr=udp%3a%2f%2ftracker.prq.to%2fannounce&tr=udp%3a%2f%2ftracker.1337x.org%3a80%2fannounce&tr=udp%3a%2f%2f9.rarbg.com%3a2720%2fannounce&tr=udp%3a%2f%2ftracker.ex.ua%3a80%2fannounce&tr=udp%3a%2f%2fipv4.tracker.harry.lu%3a80%2fannounce&tr=udp%3a%2f%2f12.rarbg.me%3a80%2fannounce&tr=udp%3a%2f%2ftracker.publicbt.com%3a80%2f%2fannounce&tr=udp%3a%2f%2ftracker.opentrackr.org%3a1337%2fannounce&tr=udp%3a%2f%2f11.rarbg.com%2fannounce&tr=udp%3a%2f%2ftracker.ccc.de%3a80%2fannounce&tr=udp%3a%2f%2ffr33dom.h33t.com%3a3310%2fannounce</link>
 <thumbnail>https://sky.spotlight.agilesvcs.com/v1/proxy?image=http://sky-123-storage.s3.amazonaws.com:80/IMAGES/00/00/06/62470_31EC144024C5D3C0.jpg?AWSAccessKeyId=AKIAIIK5T7YRRS4JO2DQ&Expires=1520804258&Signature=ZOVEmOhPKGPrhJDcPStrO8Mb%2bHw%3d&height=319&format=Jpeg</thumbnail>
 </fanart></fanart>
 </item>

 <item>
 <title>Poderoso Chefao (Triologia)</title>
 <link>magnet:?xt=urn:btih:55DB73F1684502B45E934B749FEFC94ACBC523BB&dn=Trilogia%20-%20O%20Poderoso%20Chef%c3%a3o%20720p%20%281972%2c%201974%20e%201990%29%20Dual%20%c3%81udio%20BluRay%205.1%20--%20By%20-%20Lucas%20Firmo&tr=udp%3a%2f%2ftracker.opentrackr.org%3a1337%2fannounce&tr=udp%3a%2f%2ftracker.ccc.de%3a80%2fannounce&tr=http%3a%2f%2ftracker1.wasabii.com.tw%3a6969%2fannounce&tr=http%3a%2f%2ftracker.tfile.me%2fannounce&tr=udp%3a%2f%2ftracker.coppersurfer.tk%3a6969%2fannounce&tr=http%3a%2f%2fmgtracker.org%3a2710%2fannounce&tr=udp%3a%2f%2f9.rarbg.com%3a2740%2fannounce&tr=udp%3a%2f%2f9.rarbg.me%3a2790%2fannounce&tr=http%3a%2f%2ft2.pow7.com%2fannounce&tr=udp%3a%2f%2fexplodie.org%3a6969%2fannounce</link>
 <thumbnail>https://image.tmdb.org/t/p/w300_and_h450_bestv2/o8DYJTbPdnKqCTEnBcfNGt3NoKn.jpg</thumbnail>
 </fanart></fanart>
 </item>

 <item>
 <title>Padrinhos Magicos</title>
 <link>magnet:?xt=urn:btih:805E6BD6426DEB148781320C95471CF15D11E12D&dn=ondeeubaixo.com%20-%20Padrinhos%20M%c3%a1gicos&tr=udp%3a%2f%2ftracker.openbittorrent.com%3a80%2fannounce&tr=udp%3a%2f%2ftracker.opentrackr.org%3a1337%2fannounce</link>
 <thumbnail>https://1.bp.blogspot.com/-pW4GcmT-dHM/Wq3KKiy7UbI/AAAAAAAAJtU/EUp9rBRrDho2ngqxtk7lTaqo5KL-7jvVwCLcBGAs/s1600/Os%2BPadrinhos%2BM%25C3%25A1gicos%2Btorrent%2Bdownload%2Bdublado%2Bcompleto.jpg</thumbnail>
 </fanart></fanart>
 </item>

 <item>
 <title>Steven Universe</title>
 <link>magnet:?xt=urn:btih:2227cd294f302dfe74fe2b195fc4ea4180e6a0b5&dn=Steven+Universe+ENG-PTBR-PTPT&tr=udp%3A%2F%2Ftracker.leechers-paradise.org%3A6969&tr=udp%3A%2F%2Fzer0day.ch%3A1337&tr=udp%3A%2F%2Fopen.demonii.com%3A1337&tr=udp%3A%2F%2Ftracker.coppersurfer.tk%3A6969&tr=udp%3A%2F%2Fexodus.desync.com%3A6969</link>
 <thumbnail>https://4.bp.blogspot.com/-ts_RVVYXu8w/WRAHULUmxUI/AAAAAAAACvo/UGtQRfSSbHgsLUW7fGsMGGsE0KY8xa-jACLcB/s1600/steven-universo-desenho-torrent-2017-dublado-min.jpg</thumbnail>
 </fanart></fanart>
 </item>

<item>
 <title>O Rei Leão 2019 - Dublado</title>
 <link>magnet:?xt=urn:btih:8a01547f25a64dee6deee7d4b51d5b851ed32719&amp;dn=%5bACESSE%20COMANDOTORRENTS.COM%5d%20O%20Rei%20Le%c3%a3o%202019%20720p%20%5bHDTC%5d%20%5bDUBLADO%5d&amp;tr=udp%3a%2f%2ftracker.openbittorrent.com%3a80%2fannounce&amp;tr=udp%3a%2f%2ftracker.opentrackr.org%3a1337%2fannounce&amp;tr=udp%3a%2f%2ftracker.coppersurfer.tk%3a6969%2fannounce&amp;tr=udp%3a%2f%2fglotorrents.pw%3a6969%2fannounce&amp;tr=udp%3a%2f%2ftracker4.piratux.com%3a6969%2fannounce&amp;tr=udp%3a%2f%2fcoppersurfer.tk%3a6969%2fannounce&amp;tr=http%3a%2f%2ft2.pow7.com%2fannounce&amp;tr=udp%3a%2f%2ftracker.yify-torrents.com%3a80%2fannounce&amp;tr=http%3a%2f%2fwww.h33t.com%3a3310%2fannounce&amp;tr=http%3a%2f%2fexodus.desync.com%2fannounce&amp;tr=http%3a%2f%2ftracker.coppersurfer.tk%3a6969%2fannounce&amp;tr=http%3a%2f%2fbt.careland.com.cn%3a6969%2fannounce&amp;tr=http%3a%2f%2fexodus.desync.com%3a6969%2fannounce&amp;tr=udp%3a%2f%2ftracker.publicbt.com%3a80%2fannounce&amp;tr=udp%3a%2f%2ftracker.istole.it%3a80%2fannounce&amp;tr=http%3a%2f%2ftracker.blazing.de%2fannounce&amp;tr=udp%3a%2f%2ftracker.openbittorrent.com%3a80%2fannounce&amp;tr=http%3a%2f%2ftracker.yify-torrents.com%2fannounce&amp;tr=udp%3a%2f%2ftracker.prq.to%2fannounce&amp;tr=udp%3a%2f%2ftracker.1337x.org%3a80%2fannounce&amp;tr=udp%3a%2f%2f9.rarbg.com%3a2740%2fannounce&amp;tr=udp%3a%2f%2ftracker.ex.ua%3a80%2fannounce&amp;tr=udp%3a%2f%2fipv4.tracker.harry.lu%3a80%2fannounce&amp;tr=udp%3a%2f%2f12.rarbg.me%3a80%2fannounce&amp;tr=udp%3a%2f%2ftracker.publicbt.com%3a80%2fannounce&amp;tr=udp%3a%2f%2ftracker.opentrackr.org%3a1337%2fannounce&amp;tr=udp%3a%2f%2f11.rarbg.com%2fannounce&amp;tr=udp%3a%2f%2ftracker.ccc.de%3a80%2fannounce&amp;tr=udp%3a%2f%2ffr33dom.h33t.com%3a3310%2fannounce&amp;tr=udp%3a%2f%2fpublic.popcorn-tracker.org%3a6969%2fannounce</link>
 <thumbnail>https://image.tmdb.org/t/p/w600_and_h900_bestv2/wrHr8eEJYDAA7WYybyH162s4oZ4.jpg</thumbnail>
 </fanart></fanart>
 </item>

 <item>
 <title></title>
 <link></link>
 <thumbnail></thumbnail>
 </fanart></fanart>
 </item>
